{"experiments": [{"parameters": {"Mutation probability": 0.1, "Population size": 10}, "returns": {"Mean accuracy": 0.9382539682539683}}, {"parameters": {"Mutation probability": 0.5, "Population size": 10}, "returns": {"Mean accuracy": 0.9153968253968253}}, {"parameters": {"Mutation probability": 0.9, "Population size": 10}, "returns": {"Mean accuracy": 0.9326984126984128}}, {"parameters": {"Mutation probability": 0.1, "Population size": 50}, "returns": {"Mean accuracy": 0.9436507936507936}}, {"parameters": {"Mutation probability": 0.5, "Population size": 50}, "returns": {"Mean accuracy": 0.9046031746031746}}, {"parameters": {"Mutation probability": 0.9, "Population size": 50}, "returns": {"Mean accuracy": 0.8765079365079365}}, {"parameters": {"Mutation probability": 0.1, "Population size": 100}, "returns": {"Mean accuracy": 0.9157142857142857}}, {"parameters": {"Mutation probability": 0.5, "Population size": 100}, "returns": {"Mean accuracy": 0.8876190476190476}}, {"parameters": {"Mutation probability": 0.9, "Population size": 100}, "returns": {"Mean accuracy": 0.9160317460317462}}], "parameterTypes": {"Mutation probability": "Float", "Population size": "Integer"}, "returnTypes": {"Mean accuracy": "Float"}}