{
    "experiments":[
       {
          "parameters":{
             "Dropout factor":0.1,
             "Learning rate":0.001
          },
          "returns":{
             "Model loss":0.8531
          }
       },
       {
          "parameters":{
             "Dropout factor":0.2,
             "Learning rate":0.001
          },
          "returns":{
             "Model loss":0.7145
          }
       },
       {
          "parameters":{
             "Dropout factor":0.3,
             "Learning rate":0.001
          },
          "returns":{
             "Model loss":0.6324
          }
       },
       {
          "parameters":{
             "Dropout factor":0.4,
             "Learning rate":0.001
          },
          "returns":{
             "Model loss":0.6346
          }
       },
       {
          "parameters":{
             "Dropout factor":0.5,
             "Learning rate":0.001
          },
          "returns":{
             "Model loss":0.4125
          }
       },
       {
          "parameters":{
             "Dropout factor":0.6,
             "Learning rate":0.001
          },
          "returns":{
             "Model loss":0.5867
          }
       },
       {
          "parameters":{
             "Dropout factor":0.7,
             "Learning rate":0.001
          },
          "returns":{
             "Model loss":0.7367
          }
       },
       {
          "parameters":{
             "Dropout factor":0.8,
             "Learning rate":0.001
          },
          "returns":{
             "Model loss":0.8913
          }
       },
       {
          "parameters":{
             "Dropout factor":0.9,
             "Learning rate":0.001
          },
          "returns":{
             "Model loss":0.9134
          }
       },
       {
          "parameters":{
             "Dropout factor":0.1,
             "Learning rate":0.01
          },
          "returns":{
             "Model loss":0.6134
          }
       },
       {
          "parameters":{
             "Dropout factor":0.2,
             "Learning rate":0.01
          },
          "returns":{
             "Model loss":0.5146
          }
       },
       {
          "parameters":{
             "Dropout factor":0.3,
             "Learning rate":0.01
          },
          "returns":{
             "Model loss":0.5786
          }
       },
       {
          "parameters":{
             "Dropout factor":0.4,
             "Learning rate":0.01
          },
          "returns":{
             "Model loss":0.3523
          }
       },
       {
          "parameters":{
             "Dropout factor":0.5,
             "Learning rate":0.01
          },
          "returns":{
             "Model loss":0.2676
          }
       },
       {
          "parameters":{
             "Dropout factor":0.6,
             "Learning rate":0.01
          },
          "returns":{
             "Model loss":0.4134
          }
       },
       {
          "parameters":{
             "Dropout factor":0.7,
             "Learning rate":0.01
          },
          "returns":{
             "Model loss":0.6235
          }
       },
       {
          "parameters":{
             "Dropout factor":0.8,
             "Learning rate":0.01
          },
          "returns":{
             "Model loss":0.6563
          }
       },
       {
          "parameters":{
             "Dropout factor":0.9,
             "Learning rate":0.01
          },
          "returns":{
             "Model loss":0.6346
          }
       },
       {
          "parameters":{
             "Dropout factor":0.1,
             "Learning rate":0.1
          },
          "returns":{
             "Model loss":0.9135
          }
       },
       {
          "parameters":{
             "Dropout factor":0.2,
             "Learning rate":0.1
          },
          "returns":{
             "Model loss":0.9121
          }
       },
       {
          "parameters":{
             "Dropout factor":0.3,
             "Learning rate":0.1
          },
          "returns":{
             "Model loss":0.8124
          }
       },
       {
          "parameters":{
             "Dropout factor":0.4,
             "Learning rate":0.1
          },
          "returns":{
             "Model loss":0.7578
          }
       },
       {
          "parameters":{
             "Dropout factor":0.5,
             "Learning rate":0.1
          },
          "returns":{
             "Model loss":0.6321
          }
       },
       {
          "parameters":{
             "Dropout factor":0.6,
             "Learning rate":0.1
          },
          "returns":{
             "Model loss":0.6478
          }
       },
       {
          "parameters":{
             "Dropout factor":0.7,
             "Learning rate":0.1
          },
          "returns":{
             "Model loss":0.7145
          }
       },
       {
          "parameters":{
             "Dropout factor":0.8,
             "Learning rate":0.1
          },
          "returns":{
             "Model loss":0.8368
          }
       },
       {
          "parameters":{
             "Dropout factor":0.9,
             "Learning rate":0.1
          },
          "returns":{
             "Model loss":0.9213
          }
       }
    ],
    "parameterTypes":{
       "Dropout factor":"Float",
       "Learning rate":"Float"
    },
    "returnTypes":{
       "Model loss":"Float"
    }
 }