{"experiments": [{"parameters": {"Batch size": 8, "Learning rate": 0.01}, "returns": {"Validation loss": 0.32187193632125854}}, {"parameters": {"Batch size": 8, "Learning rate": 0.045}, "returns": {"Validation loss": 0.15358348190784454}}, {"parameters": {"Batch size": 8, "Learning rate": 0.07999999999999999}, "returns": {"Validation loss": 0.1309128701686859}}, {"parameters": {"Batch size": 8, "Learning rate": 0.11499999999999998}, "returns": {"Validation loss": 0.1139678806066513}}, {"parameters": {"Batch size": 8, "Learning rate": 0.15}, "returns": {"Validation loss": 0.09968078136444092}}, {"parameters": {"Batch size": 16, "Learning rate": 0.01}, "returns": {"Validation loss": 0.34631675481796265}}, {"parameters": {"Batch size": 16, "Learning rate": 0.045}, "returns": {"Validation loss": 0.26193663477897644}}, {"parameters": {"Batch size": 16, "Learning rate": 0.07999999999999999}, "returns": {"Validation loss": 0.15707120299339294}}, {"parameters": {"Batch size": 16, "Learning rate": 0.11499999999999998}, "returns": {"Validation loss": 0.14207881689071655}}, {"parameters": {"Batch size": 16, "Learning rate": 0.15}, "returns": {"Validation loss": 0.13151247799396515}}, {"parameters": {"Batch size": 32, "Learning rate": 0.01}, "returns": {"Validation loss": 0.36596640944480896}}, {"parameters": {"Batch size": 32, "Learning rate": 0.045}, "returns": {"Validation loss": 0.3149600923061371}}, {"parameters": {"Batch size": 32, "Learning rate": 0.07999999999999999}, "returns": {"Validation loss": 0.2775843143463135}}, {"parameters": {"Batch size": 32, "Learning rate": 0.11499999999999998}, "returns": {"Validation loss": 0.20940326154232025}}, {"parameters": {"Batch size": 32, "Learning rate": 0.15}, "returns": {"Validation loss": 0.161888986825943}}], "parameterTypes": {"Batch size": "Integer", "Learning rate": "Float"}, "returnTypes": {"Validation loss": "Float"}}